{"title": "CO2 emissions (metric tons per capita)", "name": "co2-emissions", "homepage": "http://worldbank.org/", "resources": [{"format": "xls", "headers": 4, "name": "global-data", "path": "data/EN.ATM.CO2E.csv", "schema": {"fields": [{"name": "Country Name", "type": "string"}, {"name": "Country Code", "type": "string"}, {"name": "Indicator Name", "type": "string"}, {"name": "Indicator Code", "type": "string"}, {"name": "1960", "type": "string"}, {"name": "1961", "type": "string"}, {"name": "1962", "type": "string"}, {"name": "1963", "type": "string"}, {"name": "1964", "type": "string"}, {"name": "1965", "type": "string"}, {"name": "1966", "type": "string"}, {"name": "1967", "type": "string"}, {"name": "1968", "type": "string"}, {"name": "1969", "type": "string"}, {"name": "1970", "type": "string"}, {"name": "1971", "type": "string"}, {"name": "1972", "type": "string"}, {"name": "1973", "type": "string"}, {"name": "1974", "type": "string"}, {"name": "1975", "type": "string"}, {"name": "1976", "type": "string"}, {"name": "1977", "type": "string"}, {"name": "1978", "type": "string"}, {"name": "1979", "type": "string"}, {"name": "1980", "type": "string"}, {"name": "1981", "type": "string"}, {"name": "1982", "type": "string"}, {"name": "1983", "type": "string"}, {"name": "1984", "type": "string"}, {"name": "1985", "type": "string"}, {"name": "1986", "type": "string"}, {"name": "1987", "type": "string"}, {"name": "1988", "type": "string"}, {"name": "1989", "type": "string"}, {"name": "1990", "type": "string"}, {"name": "1991", "type": "string"}, {"name": "1992", "type": "string"}, {"name": "1993", "type": "string"}, {"name": "1994", "type": "string"}, {"name": "1995", "type": "string"}, {"name": "1996", "type": "string"}, {"name": "1997", "type": "string"}, {"name": "1998", "type": "string"}, {"name": "1999", "type": "string"}, {"name": "2000", "type": "string"}, {"name": "2001", "type": "string"}, {"name": "2002", "type": "string"}, {"name": "2003", "type": "string"}, {"name": "2004", "type": "string"}, {"name": "2005", "type": "string"}, {"name": "2006", "type": "string"}, {"name": "2007", "type": "string"}, {"name": "2008", "type": "string"}, {"name": "2009", "type": "string"}, {"name": "2010", "type": "string"}, {"name": "2011", "type": "string"}, {"name": "2012", "type": "string"}, {"name": "2013", "type": "string"}, {"name": "2014", "type": "string"}, {"name": "2015", "type": "string"}, {"name": "2016", "type": "string"}]}, "encoding": "utf-8"}]}